id,first_name,last_name,age,gender
1,Alice,Smith,25,Female
2,Bob,Jones,30,Male
3,Charlie,Williams,35,Male
4,David,Brown,40,Male
5,Emily,Miller,45,Female
6,Frank,Taylor,50,Male
7,George,Johnson,55,Male
8,Henry,Davis,60,Male
9,Irene,Wilson,65,Female
10,James,Anderson,70,Male
11,Karen,Thompson,75,Female
12,Larry,Wright,80,Male
13,Michael,Evans,85,Male
14,Nancy,Turner,90,Female
15,Oliver,Parker,95,Male
16,Paul,Phillips,100,Male
95,Zoe,Young,20,Female
96,Aaron,Walker,25,Male
97,Brandon,Allen,30,Male
98,Christopher,Garcia,35,Male
99,Daniel,Davis,40,Male
100,Edward,Rodriguez,45,Male
